label,text
0,kp 包 含 哪 些 知 识 点
0,知 识 点 kp 包 含 哪 些 知 识 点
0,kp 包 含 哪 些 子 知 识 点
0,知 识 点 kp 包 含 哪 些 子 知 识 点
0,kp 包 含 的 知 识 点 有 哪 些
0,知 识 点 kp 包 含 的 知 识 点 有 哪 些
0,知 识 点 kp 包 含 的 子 知 识 点 有 哪 些
0,kp 的 子 知 识 点 有 哪 些
0,kp 包 含 什 么 知 识 点
0,kp 包 含 什 么 子 知 识 点
0,kp 需 要 学 什 么
0,kp 需 要 学 什 么
0,kp 需 要 学 什 么
0,kp 需 要 学 些 什 么
0,kp 需 要 学 些 什 么
0,kp 需 要 学 些 什 么
0,kp 需 要 了 解 什 么
0,kp 需 要 了 解 些 什 么
1,包 含 kp 的 知 识 点 是 什 么
1,包 含 kp 的 知 识 点 有 哪 些
1,kp 的 父 知 识 点
1,kp 的 父 知 识 点 是 什 么
1,kp 的 父 知 识 点 有 哪 些
1,知 识 点 kp 的 父 知 识 点 是 什 么
1,知 识 点 kp 的 父 知 识 点 有 哪 些
2,kp 的 定 义
2,kp 的 定 义 是 什 么
2,kp 的 概 念
2,kp 的 概 念 是 什 么
2,知 识 点 kp 的 定 义
2,知 识 点 kp 的 定 义 是 什 么
2,知 识 点 kp 的 概 念
2,知 识 点 kp 的 概 念 是 什 么
2,什 么 是 kp
3,知 识 点 kp 怎 么 计 算
3,kp 怎 么 计 算
3,kp 的 计 算 方 式
3,kp 的 计 算 方 式 是 什 么
3,kp 是 怎 么 计 算 的
3,kp 是 的 计 算 公 式
3,知 识 点 kp 怎 么 计 算
4,包 含 kp 的 题 目
4,包 含 kp 的 题 目 有 哪 些
4,包 含 知 识 点 kp 的 题 目
4,包 含 知 识 点 kp 的 题 目 有 哪 些
4,kp 的 题 目
4,kp 的 题 目 有 哪 些
5,包 含 kp 的 题 目 还 包 含 什 么 知 识 点
5,包 含 知 识 点 kp 的 题 目 还 包 含 什 么 知 识 点
5,包 含 kp 的 题 目 还 包 含 哪 些 知 识 点
5,包 含 知 识 点 kp 的 题 目 还 包 含 哪 些 知 识 点
5,kp 的 题 目 还 包 含 哪 些 知 识 点
5,kp 的 题 目 还 包 含 什 么 知 识 点
5,kp 的 题 目 包 含 哪 些 知 识 点
5,kp 的 题 目 包 含 什 么 知 识 点
6,包 含 kp 的 题 目 题 型
6,包 含 kp 的 题 目 的 题 型
6,包 含 kp 的 题 目 的 题 型 是 什 么
6,包 含 kp 的 题 目 的 题 型 有 哪 些
6,包 含 知 识 点 kp 的 题 目 题 型
6,包 含 知 识 点 kp 的 题 目 的 题 型 是 什 么
6,包 含 知 识 点 kp 的 题 目 的 题 型 有 哪 些
7,包 含 kp 的 题 目 复 杂 度
7,包 含 kp 的 题 目 的 复 杂 度
7,包 含 kp 的 题 目 的 复 杂 度 是 什 么
7,包 含 kp 的 题 目 的 复 杂 度 有 哪 些
7,包 含 知 识 点 kp 的 题 目 复 杂 度
7,包 含 知 识 点 kp 的 题 目 的 复 杂 度 是 什 么
7,包 含 知 识 点 kp 的 题 目 的 复 杂 度 有 哪 些
8,kp 的 知 识 路 径
8,知 识 点 kp 的 知 识 路 径
8,知 识 点 kp 的 知 识 路 径 是 什 么
8,kp 的 知 识 路 径 是 什 么
8,学 习 kp 的 知 识 路 径
8,学 习 知 识 点 kp 的 路 径 是 什 么
8,学 习 kp 的 路 径
8,学 习 知 识 点 kp 的 路 径
8,学 习 kp 的 路 径 是 什 么
8,学 习 知 识 点 kp 的 路 径
8,kp 的 脉 络
8,kp 的 知 识 脉 络
